<?xml version="1.0" encoding="UTF-8"?>
<project-private xmlns="http://www.netbeans.org/ns/project-private/1">
    <editor-bookmarks xmlns="http://www.netbeans.org/ns/editor-bookmarks/2" lastBookmarkId="0"/>
    <open-files xmlns="http://www.netbeans.org/ns/projectui-open-files/2">
        <group>
            <file>file:/C:/Users/sa/Documents/NetBeansProjects/projectDB1/src/projectDB1/ProjectAppartment.java</file>
            <file>file:/C:/Users/sa/Documents/NetBeansProjects/projectDB1/src/projectDB1/Payment.java</file>
            <file>file:/C:/Users/sa/Documents/NetBeansProjects/projectDB1/src/projectDB1/clientPayment.java</file>
            <file>file:/C:/Users/sa/Documents/NetBeansProjects/projectDB1/src/projectDB1/Clients.java</file>
            <file>file:/C:/Users/sa/Documents/NetBeansProjects/projectDB1/src/projectDB1/ProjectCommercial.java</file>
            <file>file:/C:/Users/sa/Documents/NetBeansProjects/projectDB1/src/projectDB1/properties.java</file>
            <file>file:/C:/Users/sa/Documents/NetBeansProjects/projectDB1/src/projectDB1/Industrial.java</file>
            <file>file:/C:/Users/sa/Documents/NetBeansProjects/projectDB1/src/projectDB1/ProjectIndustrial.java</file>
            <file>file:/C:/Users/sa/Documents/NetBeansProjects/projectDB1/src/projectDB1/Apartment.java</file>
        </group>
    </open-files>
</project-private>
