<?xml version="1.0" encoding="UTF-8"?>
<project-private xmlns="http://www.netbeans.org/ns/project-private/1">
    <editor-bookmarks xmlns="http://www.netbeans.org/ns/editor-bookmarks/2" lastBookmarkId="0"/>
    <open-files xmlns="http://www.netbeans.org/ns/projectui-open-files/2">
        <group>
            <file>file:/E:/CSE%203.1/database/lab/air_ticket/Air_Ticket/src/Air_Ticket/Text_TO_Speach.java</file>
            <file>file:/E:/CSE%203.1/database/lab/air_ticket/Air_Ticket/src/Air_Ticket/s.jpg</file>
            <file>file:/E:/CSE%203.1/database/lab/air_ticket/Air_Ticket/src/Air_Ticket/Ticket_View.java</file>
            <file>file:/E:/CSE%203.1/database/lab/air_ticket/Air_Ticket/src/Air_Ticket/Main.java</file>
            <file>file:/E:/CSE%203.1/database/lab/air_ticket/Air_Ticket/src/Air_Ticket/d2.jpg</file>
            <file>file:/E:/CSE%203.1/database/lab/air_ticket/Air_Ticket/src/Air_Ticket/singapore-background-2.jpg</file>
            <file>file:/E:/CSE%203.1/database/lab/air_ticket/Air_Ticket/src/Air_Ticket/Passenger_Registration.java</file>
            <file>file:/E:/CSE%203.1/database/lab/air_ticket/Air_Ticket/src/Air_Ticket/image_1.jpg</file>
            <file>file:/E:/CSE%203.1/database/lab/air_ticket/Air_Ticket/src/Air_Ticket/Passenger_view.java</file>
            <file>file:/E:/CSE%203.1/database/lab/air_ticket/Air_Ticket/src/Air_Ticket/MyDatabaseHandler.java</file>
            <file>file:/E:/CSE%203.1/database/lab/air_ticket/Air_Ticket/src/Air_Ticket/ticket_reservation.java</file>
            <file>file:/E:/CSE%203.1/database/lab/air_ticket/Air_Ticket/src/Air_Ticket/map.png</file>
            <file>file:/E:/CSE%203.1/database/lab/air_ticket/Air_Ticket/src/Air_Ticket/MainFram.java</file>
        </group>
    </open-files>
</project-private>
